{"cameraMode":{"drawMode":0,"name":"Shaded","section":"Shading Mode"},"sceneLighting":false,"audioPlay":false,"sceneViewState":{"showFog":true,"showMaterialUpdate":true,"showSkybox":true,"showFlares":true,"showImageEffects":true,"showParticleSystems":true},"in2DMode":false,"pivot":{"x":-0.09600000083446503,"y":0.02199999988079071,"z":-0.593999981880188},"rotation":{"x":-0.2043466418981552,"y":0.7753987908363342,"z":-0.5105804800987244,"w":-0.31033316254615786},"size":22.0,"orthographic":false}