{"cameraMode":{"drawMode":0,"name":"Shaded","section":"Shading Mode"},"sceneLighting":false,"audioPlay":false,"sceneViewState":{"showFog":true,"showMaterialUpdate":true,"showSkybox":true,"showFlares":true,"showImageEffects":true,"showParticleSystems":true},"in2DMode":false,"pivot":{"x":0.004000000189989805,"y":-1.1693187218497769e-7,"z":-0.9008958339691162},"rotation":{"x":-0.16261422634124757,"y":0.7947351336479187,"z":-0.5319008231163025,"w":-0.242969810962677},"size":1.1943325996398926,"orthographic":false}