{"cameraMode":{"drawMode":0,"name":"Shaded","section":"Shading Mode"},"sceneLighting":false,"audioPlay":false,"sceneViewState":{"showFog":true,"showMaterialUpdate":true,"showSkybox":true,"showFlares":true,"showImageEffects":true,"showParticleSystems":true},"in2DMode":false,"pivot":{"x":2.0829999446868898,"y":0.3549997806549072,"z":-0.8570002913475037},"rotation":{"x":-0.04330611228942871,"y":0.9539284110069275,"z":-0.16945922374725343,"w":-0.24378035962581635},"size":2.6934874057769777,"orthographic":false}