{"cameraMode":{"drawMode":0,"name":"Shaded","section":"Shading Mode"},"sceneLighting":false,"audioPlay":false,"sceneViewState":{"showFog":true,"showMaterialUpdate":true,"showSkybox":true,"showFlares":true,"showImageEffects":true,"showParticleSystems":true},"in2DMode":false,"pivot":{"x":1.528954029083252,"y":-0.0217323899269104,"z":-0.5704183578491211},"rotation":{"x":-0.012099141255021096,"y":0.9865551590919495,"z":-0.08635534346103668,"w":-0.13822175562381745},"size":4.97847843170166,"orthographic":false}