{"cameraMode":{"drawMode":0,"name":"Shaded","section":"Shading Mode"},"sceneLighting":false,"audioPlay":false,"sceneViewState":{"showFog":true,"showMaterialUpdate":true,"showSkybox":true,"showFlares":true,"showImageEffects":true,"showParticleSystems":true},"in2DMode":false,"pivot":{"x":0.6884459257125855,"y":0.06992686539888382,"z":0.22402483224868775},"rotation":{"x":-0.024526923894882203,"y":0.43938544392585757,"z":-0.012002355419099331,"w":-0.8978835344314575},"size":1.3961381912231446,"orthographic":false}