{"cameraMode":{"drawMode":0,"name":"Shaded","section":"Shading Mode"},"sceneLighting":false,"audioPlay":false,"sceneViewState":{"showFog":true,"showMaterialUpdate":true,"showSkybox":true,"showFlares":true,"showImageEffects":true,"showParticleSystems":true},"in2DMode":false,"pivot":{"x":-0.3877760171890259,"y":1.220839262008667,"z":-0.8706423044204712},"rotation":{"x":-0.16261422634124757,"y":0.7947351336479187,"z":-0.5319008231163025,"w":-0.242969810962677},"size":0.6017550826072693,"orthographic":false}