{"cameraMode":{"drawMode":0,"name":"Shaded","section":"Shading Mode"},"sceneLighting":false,"audioPlay":false,"sceneViewState":{"showFog":true,"showMaterialUpdate":true,"showSkybox":true,"showFlares":true,"showImageEffects":true,"showParticleSystems":true},"in2DMode":false,"pivot":{"x":0.42650002241134646,"y":-0.014264153316617012,"z":-0.18402984738349915},"rotation":{"x":-0.13363319635391236,"y":0.5755975842475891,"z":-0.09602805227041245,"w":-0.8010045289993286},"size":7.726053714752197,"orthographic":false}