{"cameraMode":{"drawMode":0,"name":"Shaded","section":"Shading Mode"},"sceneLighting":false,"audioPlay":false,"sceneViewState":{"showFog":true,"showMaterialUpdate":true,"showSkybox":true,"showFlares":true,"showImageEffects":true,"showParticleSystems":true},"in2DMode":false,"pivot":{"x":-0.15700840950012208,"y":-0.12070345878601074,"z":0.1363227367401123},"rotation":{"x":-0.04330611228942871,"y":0.9539284110069275,"z":-0.16945922374725343,"w":-0.24378035962581635},"size":1.8721985816955567,"orthographic":false}