{"cameraMode":{"drawMode":0,"name":"Shaded","section":"Shading Mode"},"sceneLighting":false,"audioPlay":false,"sceneViewState":{"showFog":true,"showMaterialUpdate":true,"showSkybox":true,"showFlares":true,"showImageEffects":true,"showParticleSystems":true},"in2DMode":false,"pivot":{"x":-2.7730000019073488,"y":0.08300000429153443,"z":1.5420000553131104},"rotation":{"x":-0.015318554826080799,"y":0.9802772998809815,"z":-0.08432430028915405,"w":-0.17807625234127046},"size":3.573179006576538,"orthographic":false}