{"cameraMode":{"drawMode":0,"name":"Shaded","section":"Shading Mode"},"sceneLighting":false,"audioPlay":false,"sceneViewState":{"showFog":true,"showMaterialUpdate":true,"showSkybox":true,"showFlares":true,"showImageEffects":true,"showParticleSystems":true},"in2DMode":false,"pivot":{"x":-0.04850000888109207,"y":0.296999990940094,"z":-1.059999942779541},"rotation":{"x":-0.015318554826080799,"y":0.9802772998809815,"z":-0.08432430028915405,"w":-0.17807625234127046},"size":0.30005747079849245,"orthographic":false}