{"cameraMode":{"drawMode":0,"name":"Shaded","section":"Shading Mode"},"sceneLighting":false,"audioPlay":false,"sceneViewState":{"showFog":true,"showMaterialUpdate":true,"showSkybox":true,"showFlares":true,"showImageEffects":true,"showParticleSystems":true},"in2DMode":false,"pivot":{"x":-1.1440000534057618,"y":0.04500000178813934,"z":1.6390000581741334},"rotation":{"x":-0.04330611228942871,"y":0.9539284110069275,"z":-0.16945922374725343,"w":-0.24378035962581635},"size":1.2841486930847169,"orthographic":false}