{"cameraMode":{"drawMode":0,"name":"Shaded","section":"Shading Mode"},"sceneLighting":false,"audioPlay":false,"sceneViewState":{"showFog":true,"showMaterialUpdate":true,"showSkybox":true,"showFlares":true,"showImageEffects":true,"showParticleSystems":true},"in2DMode":false,"pivot":{"x":0.3160000443458557,"y":0.08300000429153443,"z":1.6269999742507935},"rotation":{"x":-0.06189994141459465,"y":0.7976594567298889,"z":-0.08310329169034958,"w":-0.5941394567489624},"size":3.57317852973938,"orthographic":false}