{"cameraMode":{"drawMode":0,"name":"Shaded","section":"Shading Mode"},"sceneLighting":false,"audioPlay":false,"sceneViewState":{"showFog":true,"showMaterialUpdate":true,"showSkybox":true,"showFlares":true,"showImageEffects":true,"showParticleSystems":true},"in2DMode":false,"pivot":{"x":1.253000020980835,"y":0.009999999776482582,"z":0.4569999873638153},"rotation":{"x":-0.2043466567993164,"y":0.775398850440979,"z":-0.5105805397033691,"w":-0.3103331923484802},"size":1.3623559474945069,"orthographic":false}