{"cameraMode":{"drawMode":0,"name":"Shaded","section":"Shading Mode"},"sceneLighting":false,"audioPlay":false,"sceneViewState":{"showFog":true,"showMaterialUpdate":true,"showSkybox":true,"showFlares":true,"showImageEffects":true,"showParticleSystems":true},"in2DMode":false,"pivot":{"x":-0.43342751264572146,"y":1.3229849338531495,"z":-0.8007516860961914},"rotation":{"x":0.010249649174511433,"y":0.9780669808387756,"z":0.04962104931473732,"w":-0.20203380286693574},"size":10.50006103515625,"orthographic":false}