{"cameraMode":{"drawMode":0,"name":"Shaded","section":"Shading Mode"},"sceneLighting":false,"audioPlay":false,"sceneViewState":{"showFog":true,"showMaterialUpdate":true,"showSkybox":true,"showFlares":true,"showImageEffects":true,"showParticleSystems":true},"in2DMode":false,"pivot":{"x":0.42650002241134646,"y":-0.012264156714081765,"z":-0.15978330373764039},"rotation":{"x":-0.06189994141459465,"y":0.7976594567298889,"z":-0.08310329169034958,"w":-0.5941394567489624},"size":7.882332801818848,"orthographic":false}