{"cameraMode":{"drawMode":0,"name":"Shaded","section":"Shading Mode"},"sceneLighting":false,"audioPlay":false,"sceneViewState":{"showFog":true,"showMaterialUpdate":true,"showSkybox":true,"showFlares":true,"showImageEffects":true,"showParticleSystems":true},"in2DMode":false,"pivot":{"x":-0.43299999833106997,"y":0.0,"z":-0.8009999990463257},"rotation":{"x":-0.0497639924287796,"y":0.9422318935394287,"z":-0.28869134187698367,"w":-0.16241902112960816},"size":5.025266647338867,"orthographic":false}