{"cameraMode":{"drawMode":0,"name":"Shaded","section":"Shading Mode"},"sceneLighting":false,"audioPlay":false,"sceneViewState":{"showFog":true,"showMaterialUpdate":true,"showSkybox":true,"showFlares":true,"showImageEffects":true,"showParticleSystems":true},"in2DMode":false,"pivot":{"x":0.8179999589920044,"y":0.20999997854232789,"z":2.875999927520752},"rotation":{"x":-0.15204651653766633,"y":0.35669365525245669,"z":-0.05896161124110222,"w":-0.9198777079582214},"size":154.17578125,"orthographic":false}