{"cameraMode":{"drawMode":0,"name":"Shaded","section":"Shading Mode"},"sceneLighting":false,"audioPlay":false,"sceneViewState":{"showFog":true,"showMaterialUpdate":true,"showSkybox":true,"showFlares":true,"showImageEffects":true,"showParticleSystems":true},"in2DMode":false,"pivot":{"x":-0.09599995613098145,"y":0.02200007438659668,"z":-0.5939998626708984},"rotation":{"x":-0.2043466567993164,"y":0.775398850440979,"z":-0.5105805397033691,"w":-0.3103331923484802},"size":17.625377655029298,"orthographic":false}