{"cameraMode":{"drawMode":0,"name":"Shaded","section":"Shading Mode"},"sceneLighting":true,"audioPlay":false,"sceneViewState":{"showFog":true,"showMaterialUpdate":true,"showSkybox":true,"showFlares":true,"showImageEffects":true,"showParticleSystems":true},"in2DMode":false,"pivot":{"x":-4.885163307189941,"y":0.630000114440918,"z":-0.9909029006958008},"rotation":{"x":0.12748371064662934,"y":0.7224211692810059,"z":-0.1384192258119583,"w":0.6653538942337036},"size":40.010372161865237,"orthographic":false}