{"cameraMode":{"drawMode":0,"name":"Shaded","section":"Shading Mode"},"sceneLighting":true,"audioPlay":false,"sceneViewState":{"showFog":true,"showMaterialUpdate":true,"showSkybox":true,"showFlares":true,"showImageEffects":true,"showParticleSystems":true},"in2DMode":false,"pivot":{"x":-2.478606700897217,"y":0.16334988176822663,"z":6.632678031921387},"rotation":{"x":-0.20578253269195558,"y":0.7881234288215637,"z":-0.46157532930374148,"w":-0.35137346386909487},"size":8.980386734008789,"orthographic":false}