{"cameraMode":{"drawMode":0,"name":"Shaded","section":"Shading Mode"},"sceneLighting":false,"audioPlay":false,"sceneViewState":{"showFog":true,"showMaterialUpdate":true,"showSkybox":true,"showFlares":true,"showImageEffects":true,"showParticleSystems":true},"in2DMode":false,"pivot":{"x":0.004000000189989805,"y":-1.1693187218497769e-7,"z":-0.9008958339691162},"rotation":{"x":-0.21432387828826905,"y":0.7829105257987976,"z":-0.374150812625885,"w":-0.44847238063812258},"size":2.066157817840576,"orthographic":false}