{"cameraMode":{"drawMode":0,"name":"Shaded","section":"Shading Mode"},"sceneLighting":false,"audioPlay":false,"sceneViewState":{"showFog":true,"showMaterialUpdate":true,"showSkybox":true,"showFlares":true,"showImageEffects":true,"showParticleSystems":true},"in2DMode":false,"pivot":{"x":0.004000000189989805,"y":-1.1693187218497769e-7,"z":-0.9008958339691162},"rotation":{"x":-0.21931590139865876,"y":0.6866626143455505,"z":-0.6536988019943237,"w":-0.2303757518529892},"size":1.4187986850738526,"orthographic":false}