{"cameraMode":{"drawMode":0,"name":"Shaded","section":"Shading Mode"},"sceneLighting":false,"audioPlay":false,"sceneViewState":{"showFog":true,"showMaterialUpdate":true,"showSkybox":true,"showFlares":true,"showImageEffects":true,"showParticleSystems":true},"in2DMode":false,"pivot":{"x":-0.09599995613098145,"y":0.02200007438659668,"z":-0.5939998626708984},"rotation":{"x":-0.06189994141459465,"y":0.7976594567298889,"z":-0.08310329169034958,"w":-0.5941394567489624},"size":17.625377655029298,"orthographic":false}