{"cameraMode":{"drawMode":0,"name":"Shaded","section":"Shading Mode"},"sceneLighting":false,"audioPlay":false,"sceneViewState":{"showFog":true,"showMaterialUpdate":true,"showSkybox":true,"showFlares":true,"showImageEffects":true,"showParticleSystems":true},"in2DMode":false,"pivot":{"x":0.0040000081062316898,"y":-1.1920928955078126e-7,"z":-0.9008958339691162},"rotation":{"x":-0.2043466567993164,"y":0.775398850440979,"z":-0.5105805397033691,"w":-0.3103331923484802},"size":3.087268114089966,"orthographic":false}